t,x,set
0,0.04,1
0.741,0.04,1
1.391,0.035,1
1.731,0.033,1
1.821,0.033,1
1.961,0.029,1
2.021,0.029,1
2.251,0.029,1
3.821,0.029,1
5.571,0.028,1
5.651,0.027,1
5.741,0.026,1
7.951,0.021,1
8.751,0.022,1
9.051,0.025,1
10.701,0.028,1
11.121,0.027,1
11.721,0.03,1
13.471,0.03,1
16.311,0.027,1
16.321,0.028,1
17.731,0.025,1
20.441,0.023,1
21.221,0.02,1
23.371,0.009,1
30.451,0.001,1
37.041,0.002,1
37.681,0.002,1
38.911,0.005,1
40.741,0.007,1
40.951,0.006,1
46.131,0.006,1
53.061,0.006,1
58.501,0.005,1
60.711,0.006,1
64.551,0.009,1
65.121,0.007,1
70.821,0.007,1
71.771,0.006,1
74.371,0.005,1
300,0,1
0,0.04,2
0.471,0.039,2
0.961,0.038,2
3.101,0.037,2
3.681,0.037,2
6.351,0.035,2
6.551,0.036,2
7.851,0.03,2
8.241,0.031,2
9.931,0.038,2
10.331,0.038,2
11.031,0.035,2
11.381,0.034,2
11.661,0.036,2
11.941,0.036,2
12.301,0.04,2
12.591,0.039,2
13.321,0.036,2
14.451,0.035,2
15.081,0.037,2
16.371,0.029,2
19.181,0.036,2
19.851,0.037,2
20.841,0.036,2
21.611,0.038,2
21.621,0.039,2
22.371,0.041,2
23.111,0.046,2
23.611,0.045,2
23.871,0.045,2
24.021,0.045,2
25.301,0.056,2
26.481,0.05,2
26.871,0.052,2
27.981,0.052,2
29.131,0.056,2
31.501,0.057,2
32.751,0.057,2
33.081,0.055,2
33.921,0.054,2
35.191,0.056,2
36.511,0.057,2
37.111,0.054,2
37.151,0.056,2
39.041,0.058,2
39.541,0.054,2
39.751,0.053,2
40.501,0.056,2
40.611,0.057,2
40.771,0.051,2
40.971,0.049,2
41.021,0.048,2
41.151,0.048,2
41.271,0.049,2
43.471,0.043,2
44.191,0.044,2
45.581,0.042,2
45.671,0.043,2
45.921,0.042,2
48.191,0.039,2
48.701,0.041,2
49.251,0.04,2
50.821,0.038,2
50.971,0.039,2
51.461,0.039,2
51.711,0.039,2
52.661,0.04,2
53.261,0.035,2
54.121,0.031,2
54.171,0.03,2
54.191,0.031,2
55.101,0.028,2
55.391,0.028,2
56.391,0.029,2
56.571,0.029,2
57.271,0.029,2
57.561,0.027,2
59.001,0.028,2
59.081,0.027,2
60.361,0.024,2
60.991,0.02,2
62.011,0.021,2
64.021,0.018,2
64.341,0.023,2
64.801,0.021,2
65.181,0.021,2
68.361,0.025,2
69.171,0.025,2
69.711,0.021,2
70.811,0.019,2
72.321,0.018,2
73.751,0.02,2
74.301,0.021,2
75.081,0.02,2
75.471,0.019,2
81.461,0.016,2
81.721,0.016,2
82.631,0.014,2
83.011,0.015,2
84.341,0.012,2
88.351,0.012,2
88.981,0.014,2
92.321,0.023,2
95.341,0.025,2
95.431,0.023,2
95.451,0.024,2
97.631,0.019,2
107.231,0.011,2
107.651,0.008,2
108.311,0.011,2
111.221,0.016,2
111.821,0.015,2
112.321,0.016,2
113.421,0.015,2
113.731,0.017,2
113.781,0.018,2
115.241,0.014,2
116.181,0.014,2
117.401,0.016,2
117.821,0.016,2
118.761,0.014,2
120.101,0.014,2
120.281,0.014,2
120.641,0.012,2
121.141,0.011,2
122.981,0.014,2
124.091,0.012,2
126.461,0.01,2
126.631,0.013,2
127.271,0.012,2
131.511,0.01,2
133.151,0.007,2
134.641,0.009,2
136.081,0.009,2
137.811,0.01,2
138.171,0.011,2
138.721,0.012,2
145.861,0.012,2
146.001,0.014,2
147.301,0.018,2
147.491,0.021,2
148.231,0.024,2
148.681,0.028,2
151.811,0.038,2
152.351,0.038,2
153.431,0.042,2
153.591,0.039,2
154.041,0.039,2
154.121,0.038,2
156.441,0.034,2
157.791,0.039,2
158.131,0.038,2
158.441,0.036,2
158.471,0.035,2
159.831,0.037,2
160.011,0.036,2
162.511,0.035,2
164.501,0.04,2
164.671,0.039,2
167.381,0.036,2
168.741,0.032,2
168.941,0.031,2
169.401,0.031,2
169.631,0.032,2
170.251,0.028,2
170.281,0.03,2
172.451,0.025,2
172.701,0.028,2
172.801,0.027,2
172.891,0.027,2
174.281,0.029,2
175.561,0.029,2
177.621,0.028,2
178.441,0.03,2
179.841,0.032,2
179.901,0.031,2
179.931,0.031,2
180.751,0.03,2
180.931,0.03,2
181.421,0.031,2
181.771,0.03,2
182.711,0.031,2
186.091,0.029,2
186.191,0.032,2
187.611,0.03,2
189.211,0.032,2
190.651,0.033,2
191.861,0.024,2
192.141,0.025,2
192.731,0.029,2
194.541,0.028,2
195.731,0.026,2
196.551,0.027,2
197.481,0.031,2
198.891,0.033,2
199.461,0.03,2
199.601,0.028,2
199.881,0.027,2
200.201,0.025,2
200.741,0.023,2
202.861,0.027,2
208.421,0.016,2
211.161,0.019,2
212.881,0.022,2
213.271,0.024,2
213.431,0.024,2
213.671,0.025,2
214.831,0.029,2
215.871,0.028,2
216.231,0.028,2
216.781,0.029,2
218.361,0.023,2
220.291,0.022,2
221.011,0.026,2
222.741,0.03,2
225.701,0.028,2
232.911,0.027,2
234.301,0.027,2
235.801,0.026,2
237.631,0.032,2
238.031,0.03,2
238.811,0.031,2
239.161,0.029,2
239.721,0.028,2
240.881,0.025,2
241.341,0.024,2
243.011,0.029,2
243.071,0.028,2
243.531,0.028,2
244.351,0.031,2
244.591,0.032,2
244.621,0.031,2
245.421,0.031,2
245.571,0.031,2
245.931,0.033,2
246.451,0.028,2
246.881,0.03,2
250.351,0.025,2
250.421,0.027,2
250.651,0.027,2
250.851,0.027,2
250.921,0.028,2
251.881,0.031,2
252.881,0.031,2
256.411,0.02,2
256.891,0.02,2
257.511,0.02,2
258.521,0.017,2
258.581,0.016,2
259.041,0.017,2
259.471,0.016,2
259.731,0.017,2
263.681,0.024,2
267.261,0.025,2
267.281,0.026,2
267.421,0.027,2
268.361,0.027,2
268.681,0.028,2
269.901,0.028,2
270.021,0.028,2
270.031,0.029,2
271.011,0.025,2
271.471,0.025,2
279.331,0.03,2
280.321,0.032,2
281.131,0.034,2
281.891,0.039,2
282.681,0.04,2
284.901,0.038,2
284.911,0.037,2
285.701,0.04,2
286.221,0.039,2
288.251,0.037,2
289.031,0.032,2
289.411,0.03,2
290.841,0.025,2
292.131,0.024,2
293.021,0.025,2
293.561,0.025,2
293.801,0.023,2
294.191,0.021,2
294.251,0.023,2
295.651,0.021,2
296.521,0.017,2
296.631,0.018,2
299.761,0.018,2
300,0.02,2
0,0.04,3
0.991,0.037,3
1.441,0.038,3
1.651,0.037,3
2.221,0.036,3
2.521,0.036,3
3.011,0.038,3
3.061,0.037,3
4.361,0.037,3
4.381,0.036,3
4.571,0.035,3
5.401,0.035,3
5.711,0.038,3
6.201,0.041,3
6.561,0.039,3
6.931,0.037,3
7.341,0.036,3
7.501,0.037,3
9.071,0.034,3
9.691,0.039,3
9.741,0.04,3
10.451,0.041,3
11.071,0.034,3
11.791,0.039,3
11.951,0.036,3
12.601,0.044,3
13.061,0.044,3
13.461,0.043,3
13.791,0.041,3
14.121,0.041,3
14.621,0.04,3
14.681,0.041,3
15.011,0.043,3
15.101,0.042,3
15.701,0.041,3
15.831,0.04,3
16.461,0.046,3
18.281,0.044,3
18.491,0.043,3
18.601,0.043,3
18.821,0.043,3
20.321,0.051,3
20.851,0.052,3
20.861,0.053,3
21.531,0.052,3
23.191,0.052,3
23.411,0.05,3
23.481,0.052,3
24.111,0.052,3
24.401,0.051,3
24.671,0.051,3
24.991,0.05,3
25.621,0.053,3
26.261,0.049,3
27.841,0.051,3
27.911,0.051,3
28.131,0.05,3
28.581,0.05,3
28.621,0.052,3
29.361,0.054,3
29.411,0.055,3
29.931,0.052,3
30.181,0.052,3
32.021,0.059,3
32.321,0.056,3
33.761,0.058,3
33.901,0.056,3
34.321,0.055,3
34.681,0.056,3
35.221,0.06,3
35.341,0.062,3
35.781,0.065,3
36.531,0.066,3
36.621,0.065,3
36.641,0.065,3
37.611,0.058,3
37.651,0.059,3
38.171,0.055,3
38.361,0.057,3
39.721,0.051,3
40.041,0.052,3
40.451,0.055,3
40.801,0.053,3
41.161,0.048,3
42.031,0.05,3
42.261,0.055,3
42.551,0.053,3
43.221,0.053,3
43.251,0.053,3
43.791,0.053,3
44.531,0.05,3
44.581,0.053,3
45.071,0.055,3
45.931,0.058,3
46.591,0.063,3
46.831,0.065,3
47.071,0.063,3
47.361,0.061,3
47.751,0.061,3
47.961,0.06,3
48.251,0.063,3
49.201,0.059,3
49.491,0.055,3
49.841,0.053,3
50.581,0.055,3
50.871,0.051,3
52.121,0.048,3
53.981,0.051,3
54.481,0.053,3
55.051,0.054,3
55.691,0.057,3
57.011,0.057,3
57.411,0.056,3
57.641,0.053,3
57.891,0.054,3
58.341,0.052,3
58.761,0.051,3
58.791,0.05,3
58.951,0.051,3
59.121,0.05,3
59.171,0.05,3
60.031,0.051,3
60.101,0.053,3
60.241,0.052,3
61.861,0.058,3
63.381,0.053,3
65.901,0.054,3
66.151,0.058,3
66.871,0.052,3
68.101,0.055,3
68.661,0.052,3
68.691,0.053,3
69.101,0.053,3
69.681,0.056,3
69.901,0.053,3
70.641,0.055,3
70.661,0.055,3
70.801,0.052,3
71.551,0.053,3
72.031,0.05,3
72.071,0.051,3
73.871,0.062,3
74.301,0.066,3
75.281,0.072,3
75.311,0.071,3
75.511,0.072,3
75.971,0.079,3
76.221,0.079,3
76.461,0.074,3
76.901,0.072,3
77.211,0.075,3
77.331,0.076,3
77.821,0.08,3
77.901,0.077,3
78.361,0.075,3
78.651,0.075,3
79.151,0.08,3
79.311,0.081,3
80.011,0.084,3
80.431,0.082,3
80.911,0.081,3
81.081,0.078,3
81.811,0.074,3
83.431,0.071,3
83.491,0.07,3
83.961,0.073,3
84.121,0.075,3
84.201,0.074,3
84.211,0.075,3
84.961,0.084,3
85.081,0.084,3
86.211,0.085,3
86.261,0.084,3
86.821,0.089,3
86.921,0.091,3
87.581,0.09,3
87.711,0.087,3
88.931,0.084,3
89.561,0.081,3
89.811,0.082,3
90.701,0.091,3
90.871,0.089,3
91.311,0.09,3
91.381,0.093,3
91.821,0.094,3
92.011,0.097,3
92.021,0.098,3
92.171,0.098,3
93.001,0.106,3
93.131,0.11,3
93.321,0.11,3
93.411,0.11,3
94.041,0.116,3
94.201,0.118,3
94.801,0.127,3
94.871,0.126,3
95.091,0.127,3
95.381,0.13,3
95.561,0.131,3
95.631,0.134,3
95.691,0.136,3
95.811,0.137,3
96.031,0.136,3
96.151,0.138,3
96.171,0.137,3
96.271,0.143,3
96.571,0.148,3
96.681,0.149,3
97.041,0.146,3
97.241,0.143,3
97.431,0.145,3
97.581,0.147,3
97.641,0.147,3
97.911,0.145,3
97.941,0.143,3
98.411,0.135,3
98.981,0.127,3
99.031,0.126,3
99.071,0.129,3
99.081,0.13,3
99.191,0.13,3
99.491,0.132,3
99.841,0.142,3
99.891,0.144,3
99.981,0.144,3
100.031,0.144,3
100.131,0.146,3
100.381,0.143,3
100.651,0.14,3
100.991,0.138,3
101.061,0.137,3
101.191,0.139,3
101.511,0.139,3
101.651,0.141,3
101.761,0.146,3
102.091,0.146,3
102.331,0.145,3
102.381,0.143,3
102.451,0.143,3
102.521,0.145,3
102.531,0.146,3
102.561,0.144,3
102.591,0.143,3
103.651,0.151,3
103.841,0.151,3
104.211,0.149,3
104.751,0.152,3
104.971,0.151,3
105.451,0.152,3
105.471,0.152,3
105.621,0.153,3
106.321,0.15,3
106.431,0.149,3
106.591,0.147,3
107.481,0.147,3
107.501,0.148,3
107.511,0.147,3
107.691,0.153,3
107.841,0.152,3
108.021,0.145,3
108.111,0.145,3
108.201,0.141,3
108.451,0.143,3
108.561,0.147,3
108.711,0.146,3
108.751,0.147,3
109.661,0.142,3
109.861,0.147,3
109.881,0.146,3
110.211,0.146,3
110.321,0.143,3
110.531,0.145,3
111.111,0.156,3
111.191,0.156,3
111.241,0.156,3
111.721,0.155,3
111.981,0.16,3
112.161,0.16,3
112.231,0.155,3
112.531,0.15,3
112.791,0.153,3
112.821,0.153,3
112.841,0.152,3
113.021,0.151,3
113.081,0.151,3
113.701,0.15,3
114.641,0.161,3
114.791,0.161,3
114.971,0.159,3
115.051,0.159,3
115.081,0.16,3
115.191,0.164,3
115.421,0.164,3
116.231,0.166,3
116.851,0.164,3
117.341,0.17,3
117.771,0.168,3
117.831,0.164,3
117.841,0.163,3
117.861,0.162,3
119.011,0.162,3
119.151,0.16,3
119.351,0.168,3
119.491,0.17,3
120.131,0.177,3
120.571,0.178,3
120.701,0.178,3
120.991,0.185,3
121.011,0.187,3
121.131,0.191,3
121.251,0.193,3
121.561,0.193,3
121.571,0.192,3
122.061,0.197,3
122.131,0.199,3
122.331,0.202,3
122.441,0.209,3
122.491,0.211,3
122.761,0.206,3
122.861,0.209,3
122.991,0.215,3
123.001,0.213,3
123.091,0.21,3
123.531,0.206,3
123.731,0.199,3
123.781,0.2,3
124.041,0.202,3
124.091,0.204,3
124.261,0.206,3
124.411,0.211,3
124.441,0.21,3
124.531,0.213,3
124.801,0.214,3
124.941,0.219,3
125.021,0.221,3
125.091,0.223,3
125.331,0.22,3
125.761,0.226,3
125.791,0.227,3
125.871,0.227,3
126.011,0.232,3
126.051,0.235,3
126.091,0.234,3
126.451,0.229,3
126.491,0.23,3
126.901,0.226,3
126.951,0.226,3
126.981,0.225,3
127.371,0.228,3
127.441,0.226,3
127.651,0.228,3
127.981,0.221,3
128.071,0.221,3
128.121,0.22,3
128.231,0.226,3
128.351,0.229,3
128.461,0.236,3
128.471,0.235,3
128.691,0.239,3
128.881,0.241,3
129.831,0.249,3
129.901,0.252,3
129.971,0.25,3
130.121,0.248,3
130.191,0.249,3
130.771,0.251,3
130.791,0.251,3
130.821,0.25,3
130.921,0.251,3
131.011,0.25,3
131.051,0.251,3
131.101,0.249,3
131.141,0.249,3
131.181,0.25,3
131.361,0.251,3
131.581,0.258,3
131.641,0.256,3
131.801,0.257,3
131.831,0.256,3
132.081,0.264,3
132.091,0.263,3
132.271,0.264,3
132.301,0.262,3
132.561,0.256,3
132.651,0.254,3
132.841,0.253,3
133.131,0.255,3
133.171,0.256,3
133.191,0.257,3
133.461,0.261,3
133.531,0.26,3
133.701,0.261,3
133.711,0.26,3
134.001,0.26,3
134.321,0.256,3
134.531,0.251,3
134.621,0.249,3
134.801,0.253,3
135.141,0.259,3
135.161,0.261,3
135.251,0.261,3
135.321,0.261,3
135.391,0.261,3
135.981,0.266,3
136.091,0.268,3
136.451,0.275,3
136.631,0.277,3
136.831,0.281,3
136.891,0.284,3
137.211,0.285,3
137.241,0.284,3
137.281,0.286,3
137.301,0.285,3
137.481,0.283,3
137.511,0.283,3
137.581,0.283,3
137.601,0.283,3
137.761,0.283,3
137.781,0.281,3
137.861,0.279,3
137.921,0.277,3
138.001,0.278,3
138.391,0.275,3
138.451,0.274,3
138.621,0.271,3
138.781,0.269,3
139.141,0.273,3
139.271,0.273,3
139.611,0.272,3
139.631,0.273,3
139.681,0.275,3
139.951,0.274,3
140.101,0.282,3
140.271,0.288,3
140.301,0.287,3
140.371,0.29,3
140.481,0.288,3
140.511,0.285,3
140.691,0.281,3
140.761,0.282,3
140.821,0.286,3
140.881,0.285,3
140.981,0.287,3
141.251,0.292,3
141.371,0.293,3
141.471,0.296,3
141.721,0.298,3
141.951,0.303,3
142.041,0.304,3
142.121,0.304,3
142.431,0.309,3
142.541,0.31,3
142.911,0.315,3
142.981,0.317,3
143.111,0.318,3
143.131,0.318,3
143.381,0.321,3
143.391,0.321,3
143.411,0.321,3
143.661,0.329,3
143.711,0.331,3
143.731,0.329,3
143.931,0.338,3
143.961,0.342,3
144.121,0.347,3
144.141,0.347,3
144.201,0.347,3
144.211,0.348,3
144.331,0.347,3
144.501,0.349,3
144.591,0.354,3
144.661,0.353,3
144.711,0.354,3
144.731,0.354,3
144.741,0.353,3
144.791,0.354,3
144.901,0.349,3
144.931,0.347,3
145.001,0.348,3
145.111,0.346,3
145.121,0.347,3
145.141,0.349,3
145.311,0.351,3
145.451,0.357,3
145.611,0.358,3
145.831,0.367,3
145.941,0.366,3
145.961,0.369,3
146.111,0.364,3
146.161,0.365,3
146.311,0.373,3
146.491,0.372,3
146.511,0.371,3
146.521,0.37,3
146.661,0.371,3
146.691,0.369,3
146.701,0.369,3
146.741,0.371,3
146.851,0.368,3
146.861,0.371,3
146.951,0.374,3
146.991,0.378,3
147.081,0.38,3
147.301,0.4,3
147.341,0.401,3
147.351,0.402,3
147.411,0.406,3
147.471,0.407,3
147.661,0.414,3
147.851,0.42,3
147.881,0.421,3
147.921,0.424,3
147.941,0.425,3
147.981,0.426,3
148.051,0.429,3
148.131,0.432,3
148.261,0.431,3
148.271,0.431,3
148.301,0.431,3
148.321,0.43,3
148.371,0.432,3
148.381,0.434,3
148.611,0.43,3
148.671,0.434,3
148.781,0.438,3
148.821,0.439,3
149.041,0.449,3
149.091,0.452,3
149.191,0.448,3
149.311,0.448,3
149.501,0.454,3
149.561,0.454,3
149.591,0.455,3
149.641,0.455,3
149.651,0.457,3
149.781,0.46,3
149.831,0.459,3
149.911,0.465,3
150.021,0.469,3
150.101,0.472,3
150.151,0.475,3
150.311,0.483,3
150.661,0.496,3
150.861,0.502,3
150.911,0.504,3
150.981,0.509,3
151.081,0.512,3
151.421,0.528,3
151.471,0.527,3
151.601,0.529,3
151.651,0.531,3
152.071,0.534,3
152.141,0.534,3
152.151,0.535,3
152.281,0.54,3
152.331,0.541,3
152.541,0.553,3
152.671,0.56,3
152.931,0.571,3
152.961,0.572,3
153.051,0.573,3
153.111,0.574,3
153.181,0.575,3
153.291,0.58,3
153.321,0.579,3
153.331,0.58,3
153.381,0.583,3
153.401,0.582,3
153.471,0.587,3
153.641,0.591,3
153.731,0.593,3
153.771,0.591,3
153.831,0.594,3
153.861,0.598,3
153.911,0.6,3
153.921,0.599,3
153.941,0.599,3
154.001,0.603,3
154.041,0.604,3
154.071,0.606,3
154.111,0.605,3
154.171,0.608,3
154.791,0.616,3
154.971,0.618,3
155.161,0.621,3
155.191,0.623,3
155.291,0.627,3
155.311,0.63,3
155.391,0.634,3
155.661,0.639,3
155.811,0.647,3
156.041,0.654,3
156.101,0.657,3
156.191,0.66,3
156.221,0.663,3
156.431,0.666,3
156.571,0.669,3
156.841,0.674,3
156.891,0.676,3
156.961,0.677,3
157.191,0.682,3
157.471,0.69,3
157.551,0.69,3
157.661,0.688,3
157.671,0.689,3
157.871,0.692,3
158.101,0.698,3
158.251,0.699,3
158.571,0.713,3
158.601,0.713,3
159.001,0.72,3
159.031,0.72,3
159.111,0.724,3
159.131,0.724,3
159.241,0.725,3
159.251,0.727,3
159.281,0.726,3
159.321,0.729,3
159.351,0.732,3
159.441,0.738,3
159.621,0.745,3
159.641,0.748,3
159.761,0.752,3
159.931,0.752,3
160.061,0.757,3
160.341,0.758,3
160.401,0.76,3
160.511,0.759,3
160.741,0.766,3
160.891,0.769,3
161.021,0.776,3
161.031,0.777,3
161.191,0.774,3
161.611,0.778,3
162.311,0.785,3
162.611,0.794,3
163.271,0.809,3
163.351,0.81,3
163.371,0.811,3
163.441,0.811,3
163.491,0.813,3
163.551,0.816,3
163.651,0.819,3
163.781,0.822,3
164.461,0.838,3
164.481,0.841,3
164.491,0.842,3
164.691,0.846,3
164.991,0.848,3
165.241,0.85,3
165.251,0.851,3
165.511,0.853,3
165.601,0.855,3
166.891,0.879,3
167.071,0.884,3
167.081,0.886,3
167.161,0.884,3
167.451,0.892,3
167.751,0.901,3
168.091,0.91,3
168.211,0.911,3
169.051,0.916,3
169.151,0.918,3
169.731,0.924,3
169.791,0.925,3
170.291,0.932,3
170.521,0.934,3
170.611,0.936,3
170.891,0.941,3
170.941,0.941,3
171.351,0.941,3
171.681,0.943,3
171.791,0.944,3
172.151,0.948,3
173.531,0.957,3
174.091,0.967,3
175.221,0.97,3
177.131,0.981,3
178.161,0.983,3
178.811,0.983,3
179.461,0.981,3
180.931,0.986,3
181.681,0.99,3
184.341,0.993,3
195.641,1,3
300,1,3
0,0.04,4
0.171,0.038,4
0.641,0.036,4
0.951,0.037,4
3.321,0.031,4
3.351,0.029,4
4.221,0.029,4
6.501,0.025,4
9.971,0.016,4
10.161,0.013,4
10.251,0.012,4
10.261,0.013,4
11.661,0.014,4
16.931,0.008,4
17.461,0.009,4
19.241,0.008,4
24.061,0.01,4
26.451,0.007,4
50.041,0.004,4
51.081,0.004,4
57.971,0.003,4
300,0,4
0,0.04,5
1.251,0.042,5
1.571,0.038,5
2.241,0.034,5
3.601,0.036,5
5.461,0.039,5
5.761,0.042,5
5.781,0.04,5
6.111,0.039,5
8.311,0.034,5
10.531,0.045,5
10.851,0.043,5
11.551,0.043,5
12.831,0.039,5
13.791,0.042,5
14.961,0.046,5
15.591,0.045,5
15.671,0.044,5
17.111,0.039,5
17.541,0.043,5
18.281,0.045,5
19.471,0.042,5
20.451,0.042,5
20.801,0.044,5
21.261,0.045,5
21.711,0.048,5
22.191,0.05,5
22.921,0.049,5
23.131,0.047,5
24.911,0.047,5
24.931,0.048,5
25.291,0.051,5
26.541,0.053,5
27.191,0.05,5
27.351,0.048,5
27.661,0.047,5
28.341,0.046,5
31.911,0.056,5
31.991,0.055,5
33.201,0.06,5
33.251,0.061,5
33.261,0.062,5
33.611,0.065,5
33.801,0.066,5
33.961,0.07,5
34.451,0.067,5
34.891,0.065,5
35.451,0.066,5
35.471,0.066,5
37.071,0.059,5
37.401,0.06,5
38.181,0.059,5
38.351,0.06,5
38.811,0.059,5
39.251,0.057,5
39.681,0.06,5
40.091,0.062,5
42.081,0.061,5
42.281,0.059,5
43.911,0.054,5
44.091,0.054,5
44.251,0.053,5
44.881,0.05,5
45.031,0.049,5
45.731,0.048,5
46.881,0.048,5
48.181,0.051,5
48.191,0.05,5
48.481,0.052,5
49.921,0.054,5
50.131,0.057,5
50.141,0.058,5
50.301,0.056,5
50.331,0.055,5
51.741,0.057,5
52.371,0.057,5
52.531,0.058,5
53.021,0.057,5
54.161,0.059,5
55.291,0.062,5
55.811,0.058,5
56.261,0.062,5
56.601,0.063,5
57.401,0.054,5
58.281,0.052,5
58.641,0.052,5
58.651,0.051,5
58.941,0.046,5
59.161,0.045,5
59.411,0.051,5
60.611,0.046,5
61.031,0.047,5
61.051,0.045,5
61.851,0.044,5
61.911,0.044,5
62.411,0.044,5
62.491,0.043,5
62.591,0.041,5
62.751,0.04,5
63.861,0.044,5
64.211,0.044,5
64.961,0.043,5
65.261,0.044,5
66.401,0.042,5
66.651,0.043,5
67.841,0.043,5
69.011,0.051,5
69.031,0.05,5
69.901,0.041,5
70.121,0.045,5
70.921,0.048,5
71.001,0.047,5
71.121,0.049,5
71.641,0.047,5
72.141,0.044,5
72.961,0.04,5
73.091,0.039,5
73.361,0.04,5
73.521,0.038,5
74.201,0.035,5
74.471,0.031,5
75.141,0.037,5
76.091,0.038,5
76.551,0.04,5
77.011,0.037,5
77.021,0.038,5
77.211,0.038,5
77.391,0.04,5
77.631,0.038,5
78.191,0.038,5
78.541,0.036,5
78.611,0.035,5
78.771,0.041,5
79.261,0.043,5
79.991,0.048,5
80.651,0.047,5
80.901,0.047,5
81.911,0.043,5
82.131,0.041,5
82.231,0.041,5
82.701,0.043,5
83.531,0.04,5
83.821,0.043,5
84.571,0.04,5
84.801,0.038,5
85.211,0.04,5
85.371,0.041,5
85.681,0.038,5
85.721,0.038,5
86.091,0.041,5
86.481,0.042,5
86.741,0.042,5
87.471,0.037,5
87.921,0.035,5
90.671,0.031,5
90.971,0.028,5
91.421,0.026,5
92.201,0.028,5
92.451,0.027,5
93.961,0.03,5
94.961,0.029,5
95.901,0.032,5
98.711,0.028,5
98.851,0.029,5
99.751,0.029,5
100.771,0.024,5
102.181,0.023,5
107.071,0.014,5
111.371,0.022,5
113.491,0.02,5
113.741,0.019,5
115.411,0.012,5
117.511,0.016,5
118.661,0.016,5
119.041,0.013,5
125.421,0.01,5
126.101,0.011,5
127.641,0.013,5
127.691,0.014,5
128.921,0.011,5
130.161,0.01,5
138.611,0.006,5
148.361,0.007,5
152.351,0.004,5
153.551,0.003,5
154.661,0.002,5
300,0,5
0,0.04,6
1.881,0.04,6
2.191,0.045,6
2.251,0.045,6
3.801,0.042,6
4.491,0.042,6
4.781,0.042,6
5.601,0.041,6
6.101,0.04,6
6.331,0.043,6
7.041,0.036,6
7.871,0.035,6
8.221,0.035,6
8.241,0.033,6
8.781,0.033,6
8.891,0.033,6
9.741,0.034,6
10.511,0.037,6
12.231,0.038,6
12.791,0.037,6
13.421,0.036,6
15.901,0.037,6
16.381,0.036,6
16.441,0.036,6
18.541,0.04,6
18.901,0.042,6
18.921,0.041,6
19.651,0.048,6
20.981,0.052,6
21.081,0.056,6
21.091,0.057,6
22.491,0.046,6
22.501,0.047,6
22.861,0.045,6
23.081,0.048,6
23.301,0.049,6
24.081,0.048,6
24.741,0.044,6
25.011,0.044,6
25.131,0.045,6
25.691,0.043,6
26.211,0.042,6
26.611,0.04,6
27.821,0.039,6
28.801,0.04,6
28.851,0.039,6
29.041,0.039,6
30.181,0.045,6
31.471,0.052,6
31.681,0.051,6
33.451,0.056,6
36.171,0.065,6
36.201,0.067,6
37.521,0.068,6
37.781,0.068,6
38.021,0.067,6
38.281,0.07,6
39.181,0.078,6
39.441,0.077,6
39.511,0.078,6
40.241,0.076,6
41.131,0.076,6
41.311,0.075,6
42.541,0.085,6
42.951,0.085,6
43.581,0.086,6
44.071,0.092,6
44.701,0.092,6
44.811,0.093,6
45.251,0.091,6
46.091,0.092,6
46.391,0.096,6
46.421,0.097,6
46.921,0.096,6
47.321,0.102,6
47.971,0.107,6
48.261,0.101,6
48.421,0.097,6
48.481,0.096,6
48.771,0.092,6
49.271,0.086,6
49.941,0.084,6
50.181,0.081,6
50.291,0.078,6
50.761,0.077,6
51.261,0.08,6
51.561,0.081,6
51.831,0.08,6
52.081,0.082,6
52.111,0.081,6
52.681,0.079,6
52.761,0.08,6
52.921,0.084,6
53.201,0.085,6
53.261,0.086,6
54.041,0.078,6
54.401,0.08,6
54.811,0.081,6
55.161,0.076,6
55.231,0.074,6
55.261,0.076,6
55.701,0.075,6
55.731,0.075,6
56.261,0.074,6
56.971,0.071,6
57.281,0.072,6
58.201,0.069,6
58.431,0.067,6
58.491,0.069,6
59.601,0.059,6
59.621,0.057,6
59.711,0.056,6
59.801,0.057,6
60.611,0.062,6
62.871,0.047,6
62.911,0.044,6
63.311,0.044,6
63.701,0.041,6
64.341,0.041,6
65.551,0.042,6
65.651,0.043,6
65.791,0.043,6
66.151,0.044,6
66.461,0.041,6
66.991,0.044,6
67.451,0.044,6
68.761,0.049,6
69.471,0.057,6
69.671,0.056,6
69.881,0.054,6
69.921,0.053,6
69.941,0.052,6
71.611,0.06,6
72.361,0.058,6
72.731,0.056,6
73.671,0.058,6
74.061,0.055,6
74.561,0.053,6
75.221,0.054,6
75.491,0.047,6
76.071,0.044,6
77.021,0.047,6
77.561,0.046,6
79.491,0.045,6
79.621,0.047,6
80.151,0.048,6
81.621,0.043,6
81.891,0.045,6
82.321,0.045,6
82.491,0.046,6
82.671,0.048,6
83.061,0.052,6
83.551,0.054,6
83.851,0.055,6
84.021,0.059,6
84.121,0.061,6
84.411,0.058,6
85.381,0.062,6
85.491,0.062,6
86.221,0.061,6
86.371,0.057,6
87.061,0.061,6
87.261,0.062,6
87.521,0.059,6
88.161,0.051,6
89.391,0.046,6
89.701,0.048,6
91.661,0.048,6
92.731,0.049,6
92.811,0.051,6
94.351,0.044,6
94.411,0.045,6
94.501,0.047,6
95.251,0.046,6
95.561,0.046,6
95.691,0.047,6
95.791,0.049,6
96.231,0.053,6
96.741,0.051,6
97.061,0.053,6
98.181,0.051,6
98.241,0.052,6
98.741,0.054,6
99.111,0.055,6
99.161,0.058,6
99.271,0.058,6
101.001,0.064,6
101.061,0.061,6
101.921,0.067,6
102.951,0.068,6
103.151,0.071,6
103.371,0.071,6
104.101,0.069,6
104.281,0.066,6
104.381,0.066,6
106.241,0.06,6
106.831,0.06,6
106.941,0.062,6
107.081,0.068,6
107.461,0.071,6
107.571,0.072,6
107.771,0.075,6
107.981,0.076,6
108.151,0.077,6
108.231,0.077,6
108.471,0.076,6
110.251,0.077,6
110.881,0.086,6
110.891,0.086,6
111.101,0.086,6
111.171,0.086,6
112.071,0.08,6
112.641,0.084,6
112.681,0.086,6
112.711,0.085,6
112.741,0.083,6
112.751,0.084,6
113.131,0.083,6
113.681,0.085,6
114.481,0.073,6
114.901,0.078,6
115.301,0.082,6
115.911,0.088,6
116.001,0.089,6
116.011,0.088,6
116.731,0.087,6
116.821,0.086,6
116.891,0.085,6
117.241,0.084,6
117.571,0.085,6
117.891,0.085,6
118.191,0.084,6
118.391,0.083,6
118.451,0.084,6
118.641,0.089,6
118.781,0.089,6
119.141,0.095,6
119.221,0.095,6
119.831,0.1,6
120.261,0.099,6
120.331,0.096,6
120.531,0.098,6
120.591,0.098,6
120.981,0.096,6
121.271,0.095,6
121.671,0.088,6
122.281,0.09,6
122.351,0.092,6
122.751,0.092,6
122.881,0.089,6
123.541,0.089,6
123.861,0.091,6
124.291,0.097,6
124.361,0.095,6
125.931,0.1,6
126.481,0.105,6
126.511,0.106,6
126.721,0.105,6
126.741,0.106,6
126.901,0.107,6
127.591,0.099,6
128.471,0.092,6
128.531,0.091,6
128.551,0.091,6
128.671,0.092,6
128.971,0.096,6
129.211,0.094,6
129.381,0.095,6
129.461,0.096,6
129.481,0.097,6
129.761,0.093,6
129.811,0.094,6
130.501,0.094,6
130.521,0.093,6
130.541,0.091,6
131.021,0.097,6
131.071,0.098,6
131.611,0.096,6
131.681,0.095,6
131.701,0.095,6
132.871,0.092,6
133.121,0.091,6
133.161,0.092,6
134.061,0.09,6
134.281,0.09,6
134.381,0.09,6
134.481,0.089,6
135.091,0.093,6
135.191,0.095,6
135.681,0.087,6
136.381,0.094,6
136.591,0.092,6
137.171,0.093,6
137.201,0.095,6
137.221,0.096,6
137.521,0.096,6
137.761,0.097,6
137.921,0.103,6
138.161,0.105,6
138.551,0.105,6
138.691,0.104,6
138.931,0.109,6
139.351,0.104,6
140.001,0.103,6
140.131,0.103,6
140.171,0.104,6
140.281,0.106,6
140.871,0.097,6
141.131,0.099,6
141.271,0.1,6
141.711,0.091,6
142.211,0.094,6
142.451,0.096,6
142.751,0.095,6
142.781,0.096,6
142.801,0.095,6
142.911,0.098,6
143.111,0.101,6
143.241,0.101,6
143.541,0.102,6
143.731,0.102,6
144.051,0.107,6
144.631,0.112,6
144.901,0.108,6
145.161,0.112,6
145.391,0.112,6
145.551,0.109,6
145.581,0.108,6
145.801,0.106,6
145.821,0.106,6
145.951,0.106,6
146.171,0.107,6
146.471,0.105,6
146.561,0.104,6
146.571,0.105,6
147.311,0.105,6
147.621,0.107,6
148.281,0.114,6
148.351,0.114,6
148.581,0.108,6
148.961,0.111,6
149.351,0.11,6
149.471,0.11,6
149.521,0.112,6
149.701,0.115,6
149.781,0.116,6
149.821,0.116,6
150.091,0.116,6
150.301,0.114,6
150.401,0.113,6
151.641,0.112,6
151.721,0.112,6
151.751,0.113,6
151.941,0.113,6
152.631,0.114,6
152.881,0.114,6
153.591,0.118,6
153.621,0.12,6
153.631,0.119,6
153.891,0.118,6
154.041,0.118,6
154.171,0.12,6
154.181,0.122,6
154.221,0.121,6
154.461,0.119,6
154.661,0.118,6
154.921,0.123,6
155.651,0.128,6
155.991,0.127,6
156.181,0.131,6
156.541,0.134,6
156.611,0.135,6
156.771,0.139,6
157.151,0.135,6
157.181,0.134,6
157.301,0.137,6
157.351,0.135,6
157.721,0.131,6
157.881,0.129,6
157.931,0.13,6
158.071,0.133,6
158.681,0.134,6
158.951,0.138,6
158.981,0.137,6
159.121,0.137,6
159.291,0.136,6
159.331,0.135,6
159.991,0.137,6
160.091,0.137,6
160.321,0.135,6
160.371,0.134,6
160.461,0.136,6
160.681,0.141,6
160.941,0.139,6
161.231,0.142,6
161.271,0.145,6
161.661,0.148,6
161.831,0.149,6
161.971,0.149,6
162.621,0.151,6
162.941,0.16,6
163.071,0.161,6
163.211,0.16,6
163.381,0.16,6
163.431,0.156,6
163.471,0.155,6
163.641,0.157,6
163.761,0.155,6
163.771,0.154,6
164.071,0.152,6
164.161,0.154,6
164.341,0.156,6
164.981,0.163,6
165.231,0.162,6
165.241,0.164,6
165.291,0.163,6
165.921,0.166,6
166.261,0.175,6
166.551,0.172,6
166.571,0.17,6
166.861,0.171,6
167.031,0.173,6
167.241,0.173,6
167.281,0.174,6
167.391,0.177,6
167.401,0.176,6
167.431,0.178,6
167.541,0.176,6
167.701,0.178,6
168.001,0.181,6
168.061,0.183,6
168.221,0.186,6
168.251,0.188,6
168.351,0.19,6
168.571,0.188,6
168.621,0.19,6
169.231,0.204,6
169.321,0.202,6
169.431,0.202,6
169.541,0.202,6
169.561,0.202,6
169.761,0.204,6
170.331,0.209,6
170.821,0.202,6
170.891,0.201,6
171.061,0.198,6
171.541,0.205,6
171.611,0.206,6
171.731,0.208,6
171.781,0.208,6
171.801,0.21,6
172.071,0.221,6
172.131,0.217,6
172.191,0.215,6
172.271,0.214,6
172.791,0.215,6
172.941,0.218,6
172.981,0.219,6
172.991,0.22,6
173.001,0.222,6
173.071,0.223,6
173.401,0.23,6
174.431,0.232,6
174.481,0.232,6
174.571,0.234,6
175.001,0.237,6
175.021,0.238,6
175.131,0.241,6
175.161,0.242,6
175.191,0.241,6
175.311,0.246,6
175.421,0.247,6
175.511,0.25,6
175.671,0.253,6
175.751,0.253,6
176.171,0.256,6
176.401,0.261,6
176.491,0.263,6
176.731,0.266,6
176.811,0.264,6
177.521,0.275,6
178.011,0.279,6
178.191,0.277,6
178.491,0.273,6
178.691,0.27,6
178.811,0.272,6
178.861,0.271,6
178.941,0.272,6
178.991,0.274,6
179.001,0.275,6
179.101,0.275,6
179.191,0.274,6
179.251,0.275,6
179.301,0.277,6
179.361,0.279,6
179.371,0.277,6
179.471,0.28,6
179.501,0.28,6
179.701,0.28,6
179.791,0.282,6
180.211,0.289,6
180.331,0.284,6
180.361,0.283,6
180.771,0.284,6
181.391,0.284,6
181.401,0.286,6
181.541,0.289,6
181.651,0.286,6
181.811,0.284,6
181.821,0.285,6
181.861,0.281,6
182.151,0.281,6
182.441,0.279,6
182.471,0.276,6
182.691,0.277,6
182.931,0.284,6
183.101,0.29,6
183.581,0.292,6
183.631,0.291,6
183.861,0.291,6
183.871,0.293,6
184.011,0.295,6
184.131,0.3,6
184.161,0.3,6
184.291,0.298,6
184.641,0.304,6
184.791,0.307,6
184.901,0.307,6
185.321,0.307,6
185.351,0.304,6
185.371,0.304,6
185.411,0.305,6
185.511,0.306,6
185.831,0.32,6
185.931,0.318,6
186.061,0.324,6
186.171,0.324,6
186.221,0.324,6
186.291,0.329,6
186.931,0.337,6
187.021,0.338,6
187.181,0.338,6
187.201,0.341,6
187.311,0.341,6
187.391,0.343,6
187.411,0.345,6
187.581,0.346,6
187.681,0.351,6
187.821,0.349,6
187.951,0.348,6
188.361,0.356,6
188.441,0.355,6
188.741,0.372,6
188.781,0.374,6
189.001,0.386,6
189.131,0.382,6
189.171,0.384,6
189.211,0.384,6
189.231,0.386,6
189.281,0.382,6
189.471,0.381,6
189.691,0.379,6
189.961,0.38,6
190.011,0.381,6
190.041,0.383,6
190.381,0.387,6
190.521,0.39,6
191.091,0.385,6
191.101,0.386,6
191.181,0.389,6
191.261,0.384,6
191.331,0.385,6
191.361,0.386,6
191.371,0.385,6
191.411,0.386,6
191.501,0.389,6
191.511,0.388,6
191.601,0.387,6
191.751,0.388,6
191.771,0.387,6
191.791,0.388,6
192.161,0.391,6
192.191,0.39,6
192.351,0.394,6
192.561,0.409,6
192.621,0.411,6
192.801,0.412,6
192.841,0.414,6
192.861,0.413,6
192.901,0.414,6
192.971,0.419,6
193.041,0.42,6
193.101,0.42,6
193.121,0.42,6
193.151,0.418,6
193.211,0.422,6
193.221,0.421,6
193.261,0.424,6
193.351,0.425,6
193.361,0.424,6
193.411,0.423,6
193.541,0.421,6
193.551,0.42,6
193.581,0.422,6
193.601,0.422,6
193.771,0.417,6
193.831,0.42,6
194.141,0.427,6
194.241,0.424,6
194.321,0.427,6
194.401,0.423,6
194.481,0.425,6
194.611,0.422,6
194.831,0.432,6
194.861,0.432,6
194.871,0.434,6
194.951,0.437,6
195.281,0.438,6
195.301,0.441,6
195.361,0.445,6
195.631,0.446,6
195.661,0.447,6
195.841,0.451,6
195.931,0.455,6
195.941,0.455,6
196.091,0.452,6
196.121,0.454,6
196.191,0.458,6
196.271,0.459,6
196.381,0.457,6
196.461,0.459,6
196.701,0.466,6
197.251,0.479,6
197.321,0.481,6
197.371,0.481,6
197.381,0.481,6
197.531,0.486,6
197.641,0.492,6
197.781,0.494,6
197.961,0.5,6
197.971,0.5,6
198.001,0.501,6
198.911,0.513,6
199.051,0.515,6
199.141,0.519,6
199.181,0.523,6
199.271,0.528,6
199.411,0.531,6
199.651,0.541,6
199.841,0.542,6
199.991,0.553,6
200.001,0.553,6
200.011,0.551,6
200.201,0.56,6
200.251,0.562,6
200.381,0.566,6
200.521,0.57,6
200.591,0.573,6
200.711,0.574,6
200.801,0.577,6
200.811,0.576,6
200.921,0.582,6
200.971,0.582,6
201.211,0.587,6
201.271,0.59,6
201.381,0.593,6
201.481,0.594,6
201.781,0.607,6
201.801,0.61,6
201.821,0.612,6
201.891,0.615,6
202.031,0.618,6
202.141,0.62,6
202.171,0.622,6
202.251,0.624,6
202.451,0.632,6
202.691,0.634,6
202.771,0.634,6
202.891,0.63,6
203.071,0.639,6
203.481,0.644,6
204.011,0.652,6
204.101,0.657,6
204.231,0.662,6
204.251,0.662,6
204.391,0.668,6
204.481,0.674,6
204.861,0.69,6
205.091,0.7,6
205.131,0.703,6
205.151,0.704,6
205.161,0.703,6
205.741,0.719,6
205.981,0.719,6
206.161,0.725,6
206.211,0.726,6
206.251,0.728,6
206.311,0.727,6
206.681,0.732,6
207.181,0.743,6
207.331,0.747,6
207.441,0.752,6
207.521,0.755,6
207.621,0.755,6
207.651,0.754,6
207.681,0.755,6
207.771,0.757,6
207.801,0.758,6
207.841,0.759,6
207.881,0.762,6
208.061,0.763,6
208.171,0.767,6
208.351,0.772,6
208.361,0.773,6
208.381,0.774,6
208.451,0.776,6
208.661,0.78,6
208.791,0.783,6
209.011,0.788,6
209.241,0.789,6
209.251,0.787,6
209.571,0.789,6
209.591,0.79,6
209.641,0.792,6
209.651,0.792,6
209.681,0.793,6
209.961,0.796,6
210.251,0.804,6
210.341,0.803,6
210.411,0.803,6
210.541,0.812,6
210.621,0.811,6
210.641,0.813,6
210.891,0.815,6
211.071,0.819,6
211.151,0.817,6
211.271,0.822,6
211.321,0.824,6
211.491,0.823,6
211.591,0.822,6
211.681,0.823,6
211.921,0.826,6
211.991,0.83,6
212.021,0.831,6
212.211,0.84,6
212.621,0.845,6
212.731,0.849,6
213.151,0.855,6
213.341,0.855,6
213.361,0.855,6
213.541,0.861,6
213.581,0.862,6
213.791,0.863,6
213.841,0.865,6
214.611,0.873,6
214.651,0.875,6
214.821,0.878,6
214.851,0.876,6
214.991,0.881,6
215.381,0.892,6
215.541,0.894,6
216.021,0.902,6
216.201,0.902,6
216.891,0.918,6
216.931,0.92,6
216.971,0.922,6
217.071,0.923,6
217.251,0.929,6
218.331,0.938,6
218.441,0.94,6
218.971,0.945,6
219.651,0.949,6
219.851,0.953,6
220.191,0.954,6
221.101,0.963,6
221.651,0.972,6
223.251,0.981,6
224.501,0.988,6
225.241,0.989,6
231.301,0.998,6
300,1,6
0,0.04,7
0.031,0.041,7
0.701,0.035,7
1.161,0.034,7
4.091,0.019,7
6.981,0.018,7
7.731,0.022,7
10.581,0.023,7
11.251,0.025,7
13.131,0.028,7
13.231,0.028,7
13.321,0.028,7
13.431,0.029,7
19.531,0.023,7
19.721,0.025,7
20.741,0.032,7
21.421,0.033,7
23.561,0.032,7
24.071,0.033,7
24.571,0.033,7
26.221,0.038,7
26.561,0.036,7
28.141,0.029,7
34.871,0.034,7
35.871,0.037,7
36.841,0.032,7
37.511,0.03,7
39.551,0.023,7
39.771,0.023,7
41.561,0.016,7
42.611,0.02,7
43.931,0.02,7
46.931,0.021,7
48.071,0.02,7
49.341,0.023,7
50.041,0.023,7
54.711,0.025,7
55.601,0.022,7
57.151,0.021,7
57.621,0.022,7
59.021,0.025,7
60.941,0.028,7
61.561,0.027,7
61.931,0.03,7
61.951,0.031,7
62.141,0.033,7
62.571,0.031,7
63.681,0.037,7
64.711,0.036,7
65.271,0.031,7
65.481,0.03,7
66.131,0.029,7
66.161,0.03,7
67.031,0.026,7
67.211,0.027,7
67.581,0.025,7
68.651,0.02,7
68.981,0.018,7
69.691,0.018,7
70.281,0.013,7
73.861,0.018,7
74.521,0.016,7
75.421,0.017,7
78.341,0.019,7
78.771,0.017,7
80.221,0.015,7
82.821,0.016,7
86.731,0.024,7
86.841,0.025,7
87.301,0.027,7
87.731,0.027,7
90.101,0.035,7
91.031,0.038,7
91.751,0.03,7
91.851,0.031,7
94.181,0.034,7
95.501,0.035,7
95.531,0.032,7
96.051,0.031,7
96.351,0.032,7
96.761,0.028,7
98.361,0.025,7
99.441,0.028,7
100.191,0.024,7
101.651,0.026,7
102.431,0.027,7
103.891,0.024,7
104.961,0.021,7
105.021,0.021,7
106.611,0.027,7
107.471,0.026,7
107.561,0.028,7
107.941,0.028,7
108.941,0.026,7
109.731,0.03,7
109.911,0.031,7
110.501,0.029,7
110.721,0.03,7
111.661,0.035,7
112.091,0.032,7
113.541,0.036,7
114.921,0.042,7
114.991,0.041,7
115.001,0.042,7
115.301,0.042,7
115.511,0.041,7
116.501,0.042,7
118.621,0.043,7
118.841,0.044,7
120.481,0.043,7
122.431,0.045,7
122.461,0.045,7
123.691,0.038,7
123.881,0.036,7
125.181,0.036,7
127.341,0.036,7
127.701,0.035,7
128.021,0.035,7
128.951,0.037,7
129.641,0.039,7
130.061,0.042,7
130.811,0.038,7
131.581,0.033,7
132.011,0.034,7
133.231,0.03,7
138.671,0.039,7
139.431,0.034,7
142.491,0.039,7
142.851,0.036,7
144.131,0.036,7
144.171,0.035,7
144.691,0.036,7
145.741,0.041,7
146.781,0.042,7
147.641,0.039,7
148.241,0.036,7
148.371,0.036,7
148.451,0.033,7
149.381,0.033,7
150.431,0.032,7
153.341,0.031,7
155.211,0.025,7
158.641,0.021,7
158.761,0.022,7
160.801,0.029,7
161.051,0.03,7
161.131,0.03,7
161.931,0.029,7
163.311,0.034,7
164.441,0.031,7
165.301,0.031,7
165.631,0.034,7
165.661,0.033,7
165.871,0.034,7
166.861,0.027,7
167.231,0.024,7
168.501,0.032,7
170.281,0.031,7
170.351,0.03,7
170.561,0.033,7
170.691,0.032,7
171.541,0.027,7
172.711,0.028,7
173.401,0.028,7
174.531,0.032,7
175.031,0.028,7
175.391,0.026,7
175.621,0.029,7
175.791,0.028,7
176.051,0.028,7
176.801,0.027,7
178.201,0.024,7
181.951,0.017,7
185.591,0.011,7
187.861,0.013,7
300,0,7
0,0.04,8
0.981,0.04,8
1.051,0.041,8
1.581,0.042,8
1.771,0.044,8
1.931,0.046,8
1.951,0.045,8
2.041,0.043,8
2.271,0.045,8
2.461,0.047,8
2.501,0.049,8
2.651,0.049,8
2.701,0.05,8
3.261,0.051,8
3.371,0.05,8
3.541,0.049,8
5.181,0.056,8
5.241,0.057,8
5.301,0.058,8
5.581,0.058,8
6.231,0.057,8
7.061,0.052,8
7.371,0.056,8
8.631,0.053,8
8.831,0.056,8
9.041,0.058,8
9.091,0.057,8
10.291,0.057,8
10.691,0.054,8
10.821,0.054,8
11.141,0.056,8
12.371,0.056,8
12.621,0.057,8
13.611,0.058,8
14.471,0.064,8
15.031,0.063,8
15.561,0.071,8
16.351,0.069,8
16.511,0.069,8
17.111,0.067,8
17.881,0.066,8
18.871,0.064,8
19.621,0.062,8
19.911,0.064,8
20.771,0.062,8
20.961,0.067,8
21.421,0.067,8
21.921,0.07,8
22.071,0.07,8
22.911,0.079,8
23.321,0.079,8
23.521,0.082,8
23.931,0.078,8
24.211,0.077,8
24.231,0.075,8
25.901,0.073,8
25.961,0.074,8
27.151,0.069,8
27.721,0.065,8
28.831,0.062,8
29.541,0.065,8
30.181,0.074,8
30.741,0.068,8
30.871,0.068,8
31.081,0.068,8
31.281,0.066,8
31.831,0.07,8
32.161,0.071,8
32.301,0.073,8
32.611,0.074,8
33.231,0.075,8
33.821,0.077,8
34.071,0.083,8
34.411,0.084,8
34.661,0.086,8
34.671,0.089,8
34.881,0.092,8
35.471,0.095,8
35.761,0.093,8
36.001,0.092,8
36.121,0.093,8
37.351,0.093,8
37.661,0.094,8
38.131,0.091,8
38.201,0.091,8
38.391,0.092,8
38.691,0.091,8
38.881,0.093,8
38.931,0.094,8
39.041,0.097,8
39.101,0.096,8
39.301,0.095,8
39.531,0.101,8
39.681,0.1,8
39.721,0.1,8
39.951,0.099,8
39.991,0.097,8
40.211,0.1,8
40.861,0.103,8
40.871,0.102,8
41.021,0.102,8
41.071,0.104,8
41.131,0.103,8
41.541,0.104,8
41.911,0.107,8
42.131,0.107,8
42.231,0.106,8
42.251,0.105,8
42.501,0.111,8
42.561,0.112,8
43.201,0.116,8
43.321,0.115,8
43.401,0.116,8
43.531,0.113,8
43.721,0.111,8
44.821,0.111,8
44.841,0.11,8
45.121,0.111,8
45.721,0.11,8
46.071,0.113,8
46.621,0.119,8
47.171,0.119,8
47.481,0.114,8
48.431,0.115,8
49.111,0.114,8
49.501,0.108,8
49.881,0.11,8
50.281,0.107,8
50.681,0.101,8
50.911,0.101,8
50.941,0.102,8
51.301,0.105,8
51.731,0.104,8
51.751,0.104,8
51.951,0.103,8
52.911,0.098,8
53.181,0.102,8
55.071,0.102,8
56.201,0.103,8
56.831,0.11,8
57.591,0.114,8
57.771,0.112,8
57.801,0.109,8
57.841,0.108,8
57.881,0.108,8
58.121,0.109,8
58.281,0.113,8
58.311,0.114,8
58.501,0.116,8
58.631,0.116,8
59.161,0.118,8
59.211,0.118,8
59.431,0.116,8
59.871,0.126,8
59.971,0.126,8
60.001,0.125,8
60.051,0.125,8
60.241,0.122,8
60.401,0.123,8
60.411,0.122,8
60.921,0.125,8
61.481,0.134,8
61.731,0.133,8
62.161,0.132,8
62.311,0.132,8
62.451,0.135,8
62.461,0.136,8
62.561,0.138,8
63.591,0.143,8
63.791,0.14,8
63.821,0.139,8
64.011,0.143,8
64.141,0.144,8
64.551,0.144,8
64.601,0.142,8
64.691,0.14,8
64.811,0.137,8
65.111,0.136,8
65.311,0.137,8
65.671,0.135,8
65.891,0.143,8
66.291,0.147,8
66.361,0.144,8
66.681,0.136,8
66.801,0.134,8
67.021,0.134,8
67.131,0.133,8
67.441,0.132,8
67.531,0.135,8
67.831,0.138,8
67.971,0.142,8
68.001,0.141,8
68.081,0.142,8
68.541,0.147,8
68.591,0.147,8
68.881,0.141,8
69.001,0.142,8
69.201,0.138,8
69.301,0.139,8
70.441,0.138,8
70.641,0.144,8
70.651,0.144,8
71.171,0.148,8
71.271,0.145,8
71.301,0.144,8
71.971,0.151,8
72.261,0.157,8
72.671,0.161,8
73.061,0.163,8
73.441,0.168,8
73.451,0.167,8
73.641,0.169,8
73.781,0.169,8
74.201,0.157,8
74.551,0.156,8
75.031,0.154,8
75.181,0.156,8
75.551,0.161,8
75.741,0.166,8
75.781,0.168,8
76.201,0.171,8
76.391,0.168,8
76.591,0.171,8
77.241,0.167,8
77.281,0.169,8
77.331,0.17,8
77.521,0.175,8
77.941,0.178,8
78.161,0.175,8
78.431,0.184,8
78.881,0.181,8
79.321,0.18,8
79.361,0.181,8
79.571,0.18,8
79.761,0.181,8
80.611,0.18,8
80.921,0.175,8
81.071,0.173,8
81.561,0.167,8
81.581,0.167,8
81.741,0.165,8
81.901,0.166,8
82.111,0.167,8
82.401,0.169,8
82.591,0.173,8
82.801,0.178,8
83.001,0.18,8
83.031,0.178,8
83.111,0.181,8
83.511,0.18,8
83.551,0.183,8
83.571,0.182,8
83.641,0.185,8
84.031,0.19,8
84.151,0.189,8
84.231,0.186,8
84.391,0.185,8
84.431,0.184,8
84.491,0.184,8
84.501,0.182,8
84.811,0.183,8
85.151,0.186,8
85.191,0.185,8
85.201,0.186,8
85.271,0.191,8
85.311,0.191,8
85.331,0.19,8
85.491,0.191,8
85.551,0.19,8
85.761,0.189,8
86.191,0.182,8
86.281,0.184,8
86.381,0.183,8
86.531,0.186,8
86.671,0.187,8
86.731,0.188,8
86.801,0.187,8
86.961,0.187,8
87.861,0.192,8
88.081,0.19,8
88.091,0.191,8
88.621,0.197,8
88.801,0.197,8
88.841,0.195,8
88.941,0.198,8
89.381,0.205,8
89.751,0.204,8
89.781,0.208,8
90.161,0.214,8
90.251,0.214,8
90.331,0.213,8
90.461,0.211,8
90.541,0.215,8
90.591,0.215,8
90.751,0.212,8
90.851,0.216,8
91.071,0.217,8
91.111,0.218,8
91.461,0.221,8
91.491,0.218,8
91.561,0.218,8
92.041,0.219,8
92.241,0.223,8
92.301,0.224,8
92.321,0.221,8
92.431,0.216,8
92.631,0.221,8
92.771,0.225,8
92.901,0.225,8
93.061,0.226,8
93.191,0.226,8
93.261,0.229,8
93.441,0.23,8
93.451,0.231,8
93.811,0.225,8
94.411,0.224,8
94.531,0.227,8
94.741,0.225,8
95.121,0.225,8
95.321,0.229,8
95.331,0.229,8
95.361,0.229,8
95.381,0.228,8
95.481,0.228,8
95.511,0.229,8
95.591,0.229,8
95.611,0.232,8
95.621,0.231,8
95.811,0.235,8
96.081,0.246,8
96.161,0.244,8
96.271,0.243,8
96.351,0.242,8
96.421,0.241,8
96.501,0.241,8
96.661,0.247,8
96.761,0.252,8
96.991,0.25,8
97.051,0.252,8
97.101,0.255,8
97.141,0.256,8
97.171,0.256,8
97.401,0.261,8
97.641,0.254,8
97.701,0.257,8
97.741,0.257,8
97.751,0.257,8
98.351,0.263,8
98.581,0.265,8
98.691,0.261,8
98.701,0.263,8
98.731,0.264,8
98.741,0.265,8
98.771,0.267,8
98.941,0.267,8
99.021,0.269,8
99.281,0.267,8
99.291,0.267,8
99.461,0.273,8
99.551,0.278,8
99.721,0.278,8
99.941,0.286,8
100.021,0.285,8
100.031,0.286,8
100.171,0.285,8
100.191,0.285,8
100.251,0.285,8
100.311,0.283,8
100.351,0.281,8
100.361,0.28,8
100.471,0.28,8
100.631,0.279,8
100.811,0.277,8
100.851,0.278,8
101.031,0.27,8
101.121,0.273,8
101.161,0.275,8
101.181,0.276,8
101.411,0.282,8
101.531,0.279,8
102.171,0.285,8
102.261,0.284,8
102.541,0.282,8
102.561,0.28,8
102.571,0.28,8
102.631,0.278,8
102.641,0.277,8
102.901,0.282,8
102.931,0.284,8
103.131,0.279,8
103.141,0.278,8
103.251,0.276,8
103.301,0.276,8
103.311,0.277,8
103.361,0.275,8
103.481,0.282,8
103.841,0.28,8
103.901,0.28,8
104.001,0.281,8
104.031,0.282,8
104.061,0.283,8
104.201,0.287,8
104.411,0.292,8
104.591,0.295,8
104.631,0.296,8
104.671,0.295,8
104.691,0.296,8
104.701,0.298,8
104.901,0.303,8
104.911,0.302,8
105.061,0.31,8
105.181,0.312,8
105.291,0.315,8
105.311,0.313,8
105.701,0.311,8
105.811,0.311,8
105.841,0.311,8
105.861,0.311,8
105.871,0.312,8
106.111,0.311,8
106.121,0.312,8
106.171,0.312,8
106.241,0.317,8
106.301,0.317,8
106.541,0.325,8
106.561,0.327,8
106.611,0.326,8
106.621,0.327,8
106.741,0.327,8
106.941,0.331,8
107.031,0.34,8
107.351,0.344,8
107.381,0.344,8
107.631,0.346,8
107.831,0.349,8
107.871,0.348,8
108.151,0.348,8
108.231,0.348,8
108.291,0.353,8
108.451,0.358,8
108.511,0.358,8
108.551,0.358,8
108.641,0.36,8
108.681,0.359,8
109.021,0.36,8
109.341,0.364,8
109.371,0.365,8
109.381,0.364,8
109.551,0.367,8
109.651,0.373,8
109.661,0.373,8
109.761,0.376,8
109.951,0.376,8
109.981,0.375,8
110.071,0.377,8
110.081,0.378,8
110.101,0.376,8
110.441,0.374,8
110.461,0.376,8
110.531,0.376,8
110.541,0.376,8
110.641,0.378,8
110.811,0.376,8
110.861,0.375,8
110.911,0.376,8
110.941,0.378,8
111.031,0.378,8
111.191,0.381,8
111.251,0.386,8
111.291,0.387,8
111.611,0.395,8
111.621,0.396,8
111.701,0.394,8
111.841,0.39,8
111.941,0.395,8
112.161,0.401,8
112.181,0.401,8
112.221,0.4,8
112.311,0.402,8
112.351,0.402,8
112.421,0.404,8
112.561,0.404,8
112.731,0.398,8
113.011,0.391,8
113.131,0.39,8
113.271,0.395,8
113.301,0.395,8
113.401,0.393,8
113.411,0.395,8
113.451,0.394,8
113.481,0.397,8
113.571,0.4,8
113.631,0.405,8
113.881,0.414,8
113.921,0.416,8
113.981,0.416,8
114.001,0.419,8
114.061,0.423,8
114.161,0.427,8
114.391,0.43,8
114.571,0.427,8
114.621,0.429,8
114.761,0.43,8
114.861,0.437,8
114.911,0.439,8
114.951,0.441,8
114.971,0.441,8
115.111,0.44,8
115.131,0.439,8
115.261,0.438,8
115.291,0.436,8
115.361,0.441,8
115.511,0.44,8
115.541,0.438,8
115.871,0.444,8
115.891,0.446,8
115.911,0.447,8
116.081,0.452,8
116.111,0.451,8
116.121,0.453,8
116.131,0.454,8
116.141,0.454,8
116.231,0.453,8
116.251,0.452,8
116.321,0.453,8
116.331,0.451,8
116.761,0.456,8
116.921,0.458,8
117.001,0.456,8
117.031,0.46,8
117.141,0.467,8
117.191,0.468,8
117.231,0.466,8
117.311,0.471,8
117.451,0.475,8
117.521,0.479,8
117.591,0.48,8
117.721,0.478,8
117.731,0.479,8
117.831,0.478,8
117.871,0.48,8
118.201,0.498,8
118.311,0.5,8
118.541,0.502,8
118.571,0.503,8
118.601,0.504,8
118.741,0.509,8
118.771,0.511,8
118.841,0.518,8
118.891,0.522,8
118.991,0.523,8
119.011,0.526,8
119.031,0.526,8
119.211,0.533,8
119.471,0.545,8
119.511,0.545,8
119.551,0.548,8
119.721,0.556,8
119.751,0.558,8
119.861,0.559,8
119.911,0.559,8
120.041,0.557,8
120.061,0.558,8
120.161,0.564,8
120.201,0.565,8
120.241,0.567,8
120.261,0.567,8
120.281,0.568,8
120.371,0.571,8
120.491,0.572,8
120.761,0.576,8
120.831,0.58,8
120.861,0.578,8
121.091,0.586,8
121.111,0.587,8
121.201,0.598,8
121.281,0.601,8
121.811,0.606,8
121.841,0.605,8
121.861,0.602,8
122.001,0.61,8
122.161,0.612,8
122.221,0.614,8
122.281,0.615,8
122.351,0.619,8
122.361,0.617,8
122.451,0.614,8
122.511,0.617,8
122.591,0.62,8
122.601,0.62,8
122.611,0.621,8
122.791,0.622,8
122.801,0.622,8
123.041,0.624,8
123.111,0.627,8
123.531,0.634,8
123.581,0.633,8
123.591,0.635,8
123.771,0.645,8
124.011,0.649,8
124.261,0.651,8
124.401,0.655,8
124.681,0.665,8
124.971,0.674,8
125.301,0.684,8
125.361,0.686,8
125.391,0.69,8
125.411,0.693,8
125.481,0.695,8
125.551,0.696,8
125.751,0.705,8
125.811,0.707,8
125.921,0.713,8
126.071,0.716,8
126.081,0.714,8
126.111,0.712,8
126.141,0.713,8
126.351,0.723,8
126.591,0.727,8
126.861,0.725,8
126.911,0.723,8
127.101,0.731,8
127.121,0.731,8
127.381,0.745,8
127.421,0.748,8
127.661,0.745,8
127.791,0.748,8
127.851,0.748,8
127.921,0.75,8
128.061,0.75,8
128.131,0.749,8
128.141,0.751,8
128.181,0.754,8
128.281,0.757,8
128.361,0.766,8
128.491,0.766,8
129.041,0.771,8
129.091,0.775,8
129.151,0.777,8
129.241,0.779,8
129.311,0.78,8
129.661,0.788,8
129.861,0.793,8
129.961,0.791,8
129.981,0.79,8
130.371,0.805,8
130.431,0.808,8
130.441,0.809,8
130.531,0.813,8
130.591,0.814,8
130.741,0.816,8
130.921,0.82,8
131.191,0.825,8
131.251,0.827,8
131.771,0.837,8
131.931,0.843,8
132.051,0.847,8
132.381,0.854,8
132.781,0.861,8
132.861,0.864,8
133.021,0.871,8
133.231,0.873,8
133.341,0.872,8
133.451,0.877,8
133.481,0.875,8
133.741,0.875,8
134.741,0.889,8
135.561,0.901,8
135.841,0.913,8
136.221,0.919,8
137.041,0.938,8
137.051,0.938,8
137.851,0.944,8
139.221,0.951,8
139.331,0.954,8
139.641,0.956,8
139.681,0.957,8
139.991,0.957,8
140.041,0.958,8
142.221,0.97,8
142.351,0.967,8
142.501,0.968,8
142.851,0.969,8
142.991,0.97,8
143.081,0.969,8
143.131,0.967,8
144.521,0.972,8
145.401,0.98,8
146.081,0.981,8
146.141,0.982,8
146.921,0.984,8
148.691,0.988,8
300,1,8
0,0.04,9
1.501,0.036,9
2.281,0.038,9
2.501,0.035,9
2.901,0.033,9
3.781,0.034,9
5.121,0.033,9
5.811,0.035,9
5.901,0.035,9
6.191,0.035,9
6.921,0.039,9
7.521,0.038,9
8.301,0.034,9
9.671,0.03,9
10.301,0.027,9
12.371,0.021,9
12.481,0.022,9
13.181,0.024,9
13.791,0.021,9
15.501,0.024,9
17.041,0.026,9
17.631,0.031,9
19.011,0.03,9
19.861,0.027,9
21.871,0.03,9
22.431,0.032,9
24.581,0.033,9
24.831,0.032,9
25.211,0.028,9
25.421,0.028,9
27.391,0.024,9
28.061,0.023,9
28.791,0.021,9
28.821,0.02,9
30.171,0.024,9
30.631,0.022,9
31.221,0.024,9
31.591,0.027,9
32.441,0.025,9
34.451,0.015,9
35.181,0.018,9
35.821,0.015,9
38.691,0.016,9
41.871,0.006,9
47.771,0.002,9
54.081,0.006,9
54.931,0.008,9
59.671,0.008,9
67.181,0.006,9
67.691,0.006,9
70.801,0.007,9
300,0,9
0,0.04,10
0.251,0.043,10
1.771,0.046,10
2.431,0.05,10
2.611,0.05,10
3.021,0.049,10
4.671,0.055,10
5.161,0.057,10
5.251,0.055,10
5.381,0.054,10
5.801,0.052,10
6.131,0.051,10
7.021,0.047,10
8.311,0.044,10
8.811,0.039,10
9.721,0.036,10
10.731,0.035,10
12.001,0.038,10
12.151,0.04,10
13.581,0.043,10
14.241,0.042,10
15.831,0.037,10
16.761,0.039,10
16.801,0.038,10
17.451,0.041,10
17.531,0.042,10
18.661,0.04,10
19.161,0.039,10
19.761,0.043,10
20.181,0.04,10
20.371,0.04,10
20.751,0.041,10
21.441,0.039,10
22.201,0.039,10
23.531,0.037,10
24.441,0.039,10
24.911,0.04,10
26.101,0.036,10
28.651,0.035,10
28.681,0.035,10
30.471,0.033,10
31.811,0.038,10
33.261,0.039,10
33.471,0.037,10
33.681,0.036,10
35.051,0.037,10
35.151,0.037,10
36.011,0.035,10
36.481,0.037,10
37.801,0.031,10
39.971,0.038,10
40.561,0.038,10
40.671,0.038,10
41.801,0.032,10
43.321,0.035,10
44.521,0.041,10
45.891,0.036,10
48.171,0.043,10
48.431,0.039,10
49.531,0.04,10
49.671,0.043,10
50.661,0.044,10
50.701,0.043,10
50.951,0.045,10
51.731,0.048,10
52.391,0.052,10
53.161,0.05,10
53.881,0.053,10
55.531,0.051,10
55.691,0.049,10
55.761,0.048,10
57.091,0.056,10
57.601,0.061,10
57.701,0.063,10
57.891,0.061,10
58.371,0.066,10
58.471,0.066,10
59.021,0.065,10
60.001,0.064,10
60.331,0.066,10
60.371,0.068,10
61.041,0.068,10
61.171,0.068,10
61.321,0.064,10
61.531,0.064,10
62.261,0.059,10
62.851,0.061,10
63.351,0.056,10
63.471,0.057,10
63.521,0.055,10
63.991,0.056,10
64.531,0.055,10
64.641,0.054,10
66.341,0.053,10
67.021,0.049,10
67.081,0.048,10
67.381,0.049,10
67.551,0.048,10
67.811,0.05,10
68.091,0.05,10
68.211,0.052,10
68.481,0.052,10
69.251,0.049,10
69.471,0.047,10
69.621,0.048,10
69.981,0.043,10
70.001,0.043,10
70.501,0.045,10
71.551,0.044,10
73.481,0.042,10
75.061,0.043,10
75.381,0.044,10
75.401,0.045,10
78.011,0.035,10
78.071,0.036,10
78.291,0.038,10
80.121,0.036,10
80.221,0.039,10
80.941,0.04,10
81.601,0.041,10
83.361,0.037,10
85.211,0.036,10
85.531,0.04,10
85.901,0.037,10
86.051,0.038,10
86.931,0.039,10
88.651,0.044,10
88.911,0.042,10
88.981,0.042,10
89.521,0.04,10
89.821,0.04,10
90.801,0.042,10
91.241,0.038,10
92.801,0.045,10
94.561,0.042,10
95.261,0.048,10
95.781,0.047,10
96.631,0.041,10
96.921,0.042,10
99.551,0.04,10
99.921,0.041,10
101.211,0.037,10
101.761,0.035,10
101.961,0.036,10
102.511,0.042,10
103.121,0.043,10
104.071,0.047,10
104.171,0.047,10
104.471,0.047,10
105.531,0.048,10
105.961,0.046,10
106.221,0.047,10
106.851,0.052,10
108.011,0.058,10
109.151,0.058,10
109.441,0.053,10
109.691,0.056,10
109.781,0.057,10
109.911,0.054,10
110.261,0.056,10
110.421,0.055,10
110.441,0.056,10
110.731,0.059,10
112.311,0.055,10
112.531,0.052,10
113.011,0.05,10
115.451,0.066,10
115.571,0.069,10
115.611,0.069,10
116.351,0.071,10
117.101,0.071,10
118.031,0.072,10
120.291,0.068,10
120.831,0.07,10
122.311,0.081,10
124.191,0.074,10
125.291,0.073,10
125.461,0.076,10
126.141,0.08,10
126.241,0.079,10
126.871,0.083,10
126.981,0.082,10
127.021,0.083,10
128.141,0.079,10
128.391,0.08,10
129.211,0.086,10
129.301,0.09,10
130.161,0.092,10
130.251,0.093,10
130.661,0.095,10
131.241,0.091,10
131.261,0.092,10
131.271,0.091,10
131.591,0.094,10
131.801,0.091,10
131.971,0.093,10
132.071,0.092,10
132.151,0.089,10
132.851,0.096,10
132.861,0.096,10
133.231,0.1,10
133.611,0.102,10
133.951,0.102,10
134.381,0.1,10
134.621,0.101,10
134.741,0.101,10
135.261,0.1,10
135.361,0.101,10
135.581,0.104,10
135.641,0.105,10
135.941,0.105,10
136.361,0.107,10
136.421,0.106,10
136.681,0.106,10
137.201,0.107,10
138.231,0.107,10
138.241,0.108,10
138.721,0.111,10
138.761,0.112,10
139.311,0.116,10
139.371,0.115,10
139.511,0.116,10
139.771,0.118,10
139.841,0.119,10
139.901,0.121,10
140.001,0.12,10
140.611,0.126,10
140.721,0.129,10
140.921,0.128,10
141.191,0.129,10
141.291,0.129,10
141.581,0.129,10
141.661,0.129,10
142.371,0.134,10
143.071,0.138,10
143.371,0.143,10
143.641,0.146,10
143.651,0.148,10
144.551,0.16,10
144.721,0.155,10
144.811,0.155,10
145.401,0.151,10
145.831,0.152,10
146.281,0.148,10
146.631,0.145,10
146.651,0.146,10
147.251,0.152,10
147.511,0.149,10
147.531,0.151,10
147.711,0.149,10
147.801,0.151,10
147.841,0.15,10
147.891,0.148,10
148.091,0.152,10
148.121,0.15,10
148.181,0.15,10
148.621,0.152,10
148.831,0.153,10
148.941,0.154,10
149.021,0.151,10
149.271,0.149,10
149.291,0.147,10
149.381,0.149,10
149.411,0.147,10
149.551,0.148,10
149.661,0.147,10
150.041,0.147,10
150.181,0.145,10
150.281,0.149,10
150.571,0.154,10
150.631,0.153,10
150.981,0.154,10
151.411,0.156,10
151.771,0.164,10
151.871,0.163,10
152.061,0.167,10
152.151,0.164,10
153.021,0.185,10
153.371,0.183,10
153.891,0.183,10
153.901,0.182,10
154.151,0.179,10
154.251,0.179,10
154.281,0.179,10
154.421,0.177,10
154.651,0.171,10
154.791,0.172,10
154.871,0.173,10
155.051,0.17,10
155.201,0.174,10
155.441,0.172,10
155.771,0.175,10
155.781,0.176,10
155.951,0.18,10
156.001,0.181,10
156.011,0.18,10
156.241,0.181,10
156.451,0.179,10
156.511,0.179,10
156.611,0.179,10
156.621,0.18,10
156.951,0.181,10
156.991,0.18,10
157.541,0.183,10
157.591,0.187,10
157.781,0.186,10
157.801,0.188,10
158.021,0.19,10
158.291,0.19,10
158.301,0.191,10
158.341,0.193,10
158.741,0.197,10
158.791,0.194,10
158.861,0.192,10
159.071,0.191,10
159.151,0.191,10
159.321,0.192,10
159.451,0.192,10
159.551,0.195,10
159.571,0.193,10
160.231,0.204,10
160.371,0.205,10
160.921,0.206,10
161.181,0.205,10
161.341,0.21,10
161.481,0.213,10
161.531,0.212,10
161.571,0.213,10
162.181,0.211,10
162.291,0.202,10
162.341,0.202,10
162.541,0.206,10
162.561,0.206,10
162.821,0.204,10
163.031,0.201,10
163.131,0.201,10
163.151,0.203,10
163.171,0.202,10
163.191,0.201,10
163.361,0.201,10
163.371,0.2,10
163.761,0.21,10
163.841,0.211,10
164.041,0.218,10
164.121,0.219,10
164.331,0.221,10
164.961,0.218,10
165.171,0.221,10
165.411,0.225,10
165.531,0.228,10
165.601,0.225,10
165.981,0.233,10
166.061,0.232,10
166.131,0.232,10
166.201,0.229,10
166.371,0.224,10
166.441,0.225,10
166.531,0.226,10
166.541,0.228,10
166.691,0.229,10
166.861,0.236,10
166.931,0.239,10
167.001,0.24,10
167.081,0.238,10
167.251,0.235,10
167.291,0.236,10
167.341,0.236,10
167.751,0.231,10
167.811,0.232,10
167.831,0.229,10
167.961,0.228,10
168.051,0.233,10
168.221,0.233,10
168.311,0.235,10
168.701,0.233,10
168.921,0.234,10
168.981,0.233,10
169.051,0.234,10
169.111,0.235,10
169.141,0.232,10
169.221,0.233,10
169.301,0.229,10
169.591,0.236,10
169.971,0.234,10
169.981,0.234,10
170.031,0.235,10
170.141,0.232,10
170.281,0.232,10
170.301,0.232,10
170.471,0.233,10
170.521,0.234,10
170.561,0.235,10
170.631,0.233,10
170.951,0.236,10
170.971,0.235,10
171.051,0.237,10
171.191,0.236,10
171.231,0.238,10
171.241,0.238,10
171.281,0.238,10
171.701,0.241,10
171.711,0.244,10
171.971,0.241,10
171.981,0.242,10
172.371,0.246,10
172.381,0.247,10
172.621,0.249,10
172.821,0.248,10
172.851,0.253,10
173.031,0.256,10
173.151,0.25,10
173.181,0.252,10
173.261,0.255,10
173.391,0.258,10
173.661,0.257,10
173.751,0.259,10
173.851,0.261,10
173.961,0.263,10
174.031,0.265,10
174.081,0.268,10
174.101,0.264,10
174.241,0.265,10
174.281,0.263,10
174.291,0.262,10
174.421,0.258,10
174.471,0.258,10
174.551,0.262,10
174.791,0.268,10
175.381,0.264,10
175.481,0.264,10
175.861,0.27,10
175.991,0.27,10
176.121,0.273,10
176.461,0.277,10
176.481,0.278,10
176.571,0.28,10
176.641,0.28,10
176.671,0.28,10
176.791,0.281,10
176.821,0.282,10
176.871,0.279,10
177.021,0.274,10
177.691,0.277,10
177.761,0.279,10
177.841,0.275,10
177.851,0.276,10
177.881,0.277,10
177.891,0.278,10
177.971,0.281,10
177.991,0.28,10
178.111,0.275,10
178.331,0.281,10
178.341,0.28,10
178.421,0.278,10
178.521,0.28,10
178.741,0.276,10
178.791,0.274,10
178.811,0.275,10
178.871,0.273,10
178.931,0.278,10
179.201,0.281,10
179.281,0.284,10
179.421,0.285,10
179.501,0.291,10
179.691,0.291,10
179.701,0.29,10
179.861,0.295,10
180.101,0.307,10
180.161,0.311,10
180.221,0.311,10
180.281,0.312,10
180.501,0.315,10
180.521,0.316,10
180.531,0.319,10
180.561,0.32,10
180.591,0.324,10
180.691,0.327,10
180.721,0.329,10
180.771,0.33,10
181.111,0.331,10
181.211,0.333,10
181.251,0.334,10
181.321,0.335,10
181.341,0.334,10
181.581,0.334,10
181.621,0.335,10
181.781,0.337,10
181.901,0.334,10
182.071,0.337,10
182.081,0.336,10
182.131,0.338,10
182.341,0.347,10
182.461,0.352,10
182.721,0.353,10
182.861,0.357,10
182.871,0.359,10
182.911,0.36,10
183.101,0.363,10
183.461,0.368,10
183.481,0.37,10
183.531,0.372,10
183.771,0.372,10
183.911,0.376,10
183.951,0.381,10
184.001,0.381,10
184.321,0.378,10
184.501,0.382,10
184.531,0.385,10
184.541,0.386,10
184.641,0.392,10
184.701,0.397,10
185.141,0.408,10
185.341,0.409,10
185.421,0.411,10
185.441,0.41,10
185.481,0.409,10
185.611,0.411,10
185.621,0.412,10
186.001,0.424,10
186.061,0.429,10
186.241,0.43,10
186.261,0.43,10
186.441,0.428,10
186.471,0.43,10
186.481,0.432,10
186.501,0.434,10
186.531,0.436,10
186.561,0.434,10
186.781,0.428,10
186.801,0.428,10
186.931,0.436,10
187.001,0.443,10
187.091,0.442,10
187.181,0.449,10
187.341,0.458,10
187.491,0.469,10
187.641,0.478,10
187.661,0.478,10
187.771,0.479,10
187.811,0.485,10
187.941,0.488,10
188.001,0.49,10
188.041,0.493,10
188.171,0.497,10
188.281,0.503,10
188.411,0.503,10
188.431,0.505,10
188.491,0.507,10
188.591,0.509,10
188.951,0.513,10
189.001,0.518,10
189.081,0.522,10
189.221,0.524,10
189.241,0.523,10
189.681,0.529,10
189.781,0.532,10
189.921,0.533,10
190.021,0.533,10
190.241,0.539,10
190.471,0.542,10
190.611,0.544,10
190.781,0.555,10
190.821,0.559,10
191.131,0.565,10
191.181,0.567,10
191.311,0.572,10
191.441,0.577,10
191.461,0.579,10
191.481,0.582,10
191.651,0.588,10
191.691,0.59,10
192.131,0.599,10
192.151,0.6,10
192.201,0.602,10
192.231,0.6,10
192.291,0.602,10
192.321,0.604,10
192.451,0.605,10
192.461,0.606,10
192.501,0.604,10
192.581,0.605,10
192.801,0.607,10
193.111,0.614,10
193.411,0.628,10
193.591,0.634,10
193.791,0.634,10
193.831,0.636,10
193.881,0.639,10
194.101,0.645,10
194.161,0.647,10
194.171,0.647,10
194.271,0.648,10
194.351,0.65,10
194.431,0.651,10
194.631,0.653,10
194.771,0.666,10
194.921,0.669,10
195.001,0.671,10
195.081,0.668,10
195.091,0.67,10
195.141,0.674,10
195.331,0.675,10
195.531,0.681,10
195.551,0.681,10
195.721,0.688,10
195.771,0.693,10
195.861,0.694,10
195.891,0.696,10
195.951,0.696,10
196.081,0.695,10
196.211,0.699,10
196.451,0.708,10
196.601,0.717,10
196.951,0.728,10
196.971,0.728,10
197.001,0.727,10
197.081,0.729,10
197.141,0.733,10
197.221,0.732,10
197.321,0.736,10
197.381,0.739,10
197.471,0.742,10
197.521,0.744,10
197.771,0.749,10
197.831,0.751,10
197.901,0.754,10
197.921,0.756,10
198.191,0.767,10
198.241,0.769,10
198.261,0.769,10
198.381,0.772,10
198.411,0.775,10
198.431,0.774,10
198.571,0.778,10
198.701,0.778,10
198.821,0.78,10
198.851,0.781,10
199.091,0.792,10
199.171,0.795,10
199.211,0.799,10
199.271,0.802,10
199.501,0.808,10
199.981,0.817,10
200.251,0.826,10
200.361,0.829,10
200.571,0.836,10
200.651,0.841,10
200.721,0.841,10
200.741,0.84,10
200.801,0.839,10
201.151,0.847,10
201.381,0.851,10
201.411,0.852,10
201.531,0.849,10
201.951,0.858,10
202.101,0.863,10
202.401,0.872,10
202.431,0.871,10
202.481,0.869,10
202.491,0.868,10
204.131,0.888,10
204.311,0.895,10
204.761,0.901,10
204.811,0.902,10
205.171,0.909,10
205.281,0.911,10
205.491,0.91,10
205.581,0.911,10
205.631,0.911,10
205.781,0.917,10
207.011,0.925,10
207.421,0.932,10
207.581,0.936,10
207.831,0.941,10
208.201,0.947,10
208.621,0.949,10
210.731,0.965,10
211.111,0.971,10
212.391,0.979,10
213.331,0.982,10
215.471,0.991,10
300,1,10
